{
  "hash": "6a70c6c6",
  "configHash": "9ab92697",
  "lockfileHash": "f87d3ce6",
  "browserHash": "7973be67",
  "optimized": {
    "@angular/core": {
      "src": "../../../../../node_modules/@angular/core/fesm2022/core.mjs",
      "file": "@angular_core.js",
      "fileHash": "2dfe98d2",
      "needsInterop": false
    },
    "@angular/platform-browser": {
      "src": "../../../../../node_modules/@angular/platform-browser/fesm2022/platform-browser.mjs",
      "file": "@angular_platform-browser.js",
      "fileHash": "90302e56",
      "needsInterop": false
    },
    "@angular/router": {
      "src": "../../../../../node_modules/@angular/router/fesm2022/router.mjs",
      "file": "@angular_router.js",
      "fileHash": "eb152063",
      "needsInterop": false
    },
    "@angular/common/http": {
      "src": "../../../../../node_modules/@angular/common/fesm2022/http.mjs",
      "file": "@angular_common_http.js",
      "fileHash": "1b6956ef",
      "needsInterop": false
    },
    "@angular/forms": {
      "src": "../../../../../node_modules/@angular/forms/fesm2022/forms.mjs",
      "file": "@angular_forms.js",
      "fileHash": "45cbc400",
      "needsInterop": false
    }
  },
  "chunks": {
    "chunk-GEY4N7JI": {
      "file": "chunk-GEY4N7JI.js"
    },
    "chunk-K2UY3OFV": {
      "file": "chunk-K2UY3OFV.js"
    },
    "chunk-ZOXZ6IDK": {
      "file": "chunk-ZOXZ6IDK.js"
    },
    "chunk-IIXUBVVP": {
      "file": "chunk-IIXUBVVP.js"
    }
  }
}